--
-- PostgreSQL database dump
--

-- Dumped from database version 17.4
-- Dumped by pg_dump version 17.2

-- Started on 2025-10-24 23:42:31

SET statement_timeout = 0;
SET lock_timeout = 0;
SET idle_in_transaction_session_timeout = 0;
SET transaction_timeout = 0;
SET client_encoding = 'UTF8';
SET standard_conforming_strings = on;
SELECT pg_catalog.set_config('search_path', '', false);
SET check_function_bodies = false;
SET xmloption = content;
SET client_min_messages = warning;
SET row_security = off;

--
-- TOC entry 5053 (class 0 OID 60789)
-- Dependencies: 221
-- Data for Name: ValidationLogs; Type: TABLE DATA; Schema: public; Owner: postgres
--

COPY public."ValidationLogs" (id, "ticketId", "eventId", "validatedBy", "isValid", "validationType", "validationResult", "qrCode", "deviceInfo", location, "ipAddress", "attemptNumber", "errorDetails", "validationDuration", "validatedAt", "createdAt", "updatedAt") FROM stdin;
c5f2183b-e245-4d36-926d-213042caa6a3	\N	\N	bf987fb7-fc2f-4dfc-a92a-4c3699bfd394	f	verification	access_denied	ENTRY-1761226810106-GWEAYWYAF	{"platform": "Linux armv81", "timestamp": "2025-10-23T13:48:27.388Z", "userAgent": "Mozilla/5.0 (Linux; Android 10; K) AppleWebKit/537.36 (KHTML, like Gecko) Chrome/141.0.0.0 Mobile Safari/537.36"}	Dashboard Administrativo	127.0.0.1	1	Cannot read properties of null (reading 'startDate')	13	2025-10-23 09:48:27.439-04	2025-10-23 09:48:27.44-04	2025-10-23 09:48:27.44-04
7220eedd-f22f-4c38-ac25-f3f1f1134cde	\N	\N	bf987fb7-fc2f-4dfc-a92a-4c3699bfd394	f	verification	access_denied	ENTRY-1761226810106-GWEAYWYAF	{"platform": "Linux armv81", "timestamp": "2025-10-23T13:48:48.733Z", "userAgent": "Mozilla/5.0 (Linux; Android 10; K) AppleWebKit/537.36 (KHTML, like Gecko) Chrome/141.0.0.0 Mobile Safari/537.36"}	Dashboard Administrativo	127.0.0.1	1	Cannot read properties of null (reading 'startDate')	8	2025-10-23 09:48:48.827-04	2025-10-23 09:48:48.827-04	2025-10-23 09:48:48.828-04
d4d59a00-cfff-4718-b4e3-f80e0a6ea0c8	\N	\N	bf987fb7-fc2f-4dfc-a92a-4c3699bfd394	f	verification	access_denied	ENTRY-1761225324083-G69S3MY98	{"platform": "Linux armv81", "timestamp": "2025-10-23T14:25:06.298Z", "userAgent": "Mozilla/5.0 (Linux; Android 10; K) AppleWebKit/537.36 (KHTML, like Gecko) Chrome/141.0.0.0 Mobile Safari/537.36"}	Dashboard Administrativo	127.0.0.1	1	Cannot read properties of null (reading 'startDate')	16	2025-10-23 10:25:06.332-04	2025-10-23 10:25:06.332-04	2025-10-23 10:25:06.333-04
e35250ff-159e-4952-bc6d-c94982a2b0c3	\N	\N	bf987fb7-fc2f-4dfc-a92a-4c3699bfd394	f	verification	access_denied	ENTRY-1761225324068-8F3FW7SF2	{"platform": "Linux armv81", "timestamp": "2025-10-23T14:25:13.422Z", "userAgent": "Mozilla/5.0 (Linux; Android 10; K) AppleWebKit/537.36 (KHTML, like Gecko) Chrome/141.0.0.0 Mobile Safari/537.36"}	Dashboard Administrativo	127.0.0.1	1	Cannot read properties of null (reading 'startDate')	12	2025-10-23 10:25:13.464-04	2025-10-23 10:25:13.465-04	2025-10-23 10:25:13.465-04
49b86e53-b140-42f3-a97f-24a91b8dfaf4	4962b9f0-d260-4076-967f-e63eaddd1017	\N	c8f2fb92-e3a3-47a5-b67e-1fdaac9c68c3	t	entry	success	ENTRY-1761225324175-L8N8D9K8Y	{}	\N	127.0.0.1	1	\N	26	2025-10-23 10:26:04.064-04	2025-10-23 10:26:04.064-04	2025-10-23 10:26:04.065-04
20cf0883-7d8a-461e-84fb-8b97a14970be	4962b9f0-d260-4076-967f-e63eaddd1017	\N	c8f2fb92-e3a3-47a5-b67e-1fdaac9c68c3	f	entry	already_used	ENTRY-1761225324175-L8N8D9K8Y	{}	\N	127.0.0.1	1	Entrada ya fue utilizada	4	2025-10-23 10:26:08.534-04	2025-10-23 10:26:08.534-04	2025-10-23 10:26:08.535-04
545f6e42-6f5e-468b-a100-ef5ded76638e	4962b9f0-d260-4076-967f-e63eaddd1017	\N	c8f2fb92-e3a3-47a5-b67e-1fdaac9c68c3	f	entry	already_used	ENTRY-1761225324175-L8N8D9K8Y	{}	\N	127.0.0.1	1	Entrada ya fue utilizada	3	2025-10-23 10:26:12.215-04	2025-10-23 10:26:12.215-04	2025-10-23 10:26:12.215-04
438ee57e-77e6-4d55-9b3f-1a7c382df092	4962b9f0-d260-4076-967f-e63eaddd1017	\N	c8f2fb92-e3a3-47a5-b67e-1fdaac9c68c3	f	entry	already_used	ENTRY-1761225324175-L8N8D9K8Y	{}	\N	127.0.0.1	1	Entrada ya fue utilizada	4	2025-10-23 10:26:16.246-04	2025-10-23 10:26:16.246-04	2025-10-23 10:26:16.247-04
8281eede-0f7a-45e8-8f3e-c5feffa68c62	\N	\N	bf987fb7-fc2f-4dfc-a92a-4c3699bfd394	f	verification	access_denied	ENTRY-1761229412577-1XYTM5PTH	{"platform": "Linux armv81", "timestamp": "2025-10-23T14:28:03.514Z", "userAgent": "Mozilla/5.0 (Linux; Android 10; K) AppleWebKit/537.36 (KHTML, like Gecko) Chrome/141.0.0.0 Mobile Safari/537.36"}	Dashboard Administrativo	127.0.0.1	1	Cannot read properties of null (reading 'startDate')	9	2025-10-23 10:28:03.67-04	2025-10-23 10:28:03.67-04	2025-10-23 10:28:03.67-04
3635b984-f34a-4f45-9a16-b6206472acf8	84d2c2dc-9230-4c80-a718-7df009be2e71	\N	bf987fb7-fc2f-4dfc-a92a-4c3699bfd394	t	entry	success	ENTRY-1761229412577-1XYTM5PTH	{}	\N	127.0.0.1	1	\N	34	2025-10-23 10:47:58.123-04	2025-10-23 10:47:58.123-04	2025-10-23 10:47:58.123-04
ab87bd74-ff56-4784-a63f-3e339f796845	84d2c2dc-9230-4c80-a718-7df009be2e71	\N	bf987fb7-fc2f-4dfc-a92a-4c3699bfd394	f	entry	already_used	ENTRY-1761229412577-1XYTM5PTH	{}	\N	127.0.0.1	1	Entrada ya fue utilizada	13	2025-10-23 10:48:15.628-04	2025-10-23 10:48:15.628-04	2025-10-23 10:48:15.628-04
fbd34f4e-f33d-441a-8e2d-58c7036e5fe0	84d2c2dc-9230-4c80-a718-7df009be2e71	\N	c8f2fb92-e3a3-47a5-b67e-1fdaac9c68c3	f	entry	already_used	ENTRY-1761229412577-1XYTM5PTH	{}	\N	127.0.0.1	1	Entrada ya fue utilizada	13	2025-10-23 10:48:38.61-04	2025-10-23 10:48:38.611-04	2025-10-23 10:48:38.611-04
f2c975fe-0b06-45e4-8e53-af64f4e2568c	54b46df6-de5b-4ca2-a0ca-8c90ee186cea	\N	c8f2fb92-e3a3-47a5-b67e-1fdaac9c68c3	t	entry	success	ENTRY-1761229412517-X9TK4TFMK	{}	\N	127.0.0.1	1	\N	31	2025-10-23 10:48:59.708-04	2025-10-23 10:48:59.708-04	2025-10-23 10:48:59.708-04
75b76810-cfa3-4b17-a7e5-24ba73d363bb	4962b9f0-d260-4076-967f-e63eaddd1017	\N	c8f2fb92-e3a3-47a5-b67e-1fdaac9c68c3	f	entry	already_used	ENTRY-1761225324175-L8N8D9K8Y	{}	\N	127.0.0.1	1	Entrada ya fue utilizada	25	2025-10-23 10:49:21.514-04	2025-10-23 10:49:21.514-04	2025-10-23 10:49:21.515-04
7c9c6946-c4d5-44fc-ba8c-725481170bb1	23a04a55-a774-4803-a501-dbe7c94e8f48	\N	c8f2fb92-e3a3-47a5-b67e-1fdaac9c68c3	t	entry	success	ENTRY-1761225324160-F0O4OSTVG	{}	\N	127.0.0.1	1	\N	39	2025-10-23 10:49:27.398-04	2025-10-23 10:49:27.398-04	2025-10-23 10:49:27.398-04
8fff1290-8650-483d-a474-14d38f85532d	23a04a55-a774-4803-a501-dbe7c94e8f48	\N	c8f2fb92-e3a3-47a5-b67e-1fdaac9c68c3	f	entry	already_used	ENTRY-1761225324160-F0O4OSTVG	{}	\N	127.0.0.1	1	Entrada ya fue utilizada	5	2025-10-23 10:49:31.628-04	2025-10-23 10:49:31.629-04	2025-10-23 10:49:31.63-04
36ec25bc-22b3-453d-aef7-d743c3ff676d	85dfb231-ce76-40e2-8b69-7a58308c0a76	\N	c8f2fb92-e3a3-47a5-b67e-1fdaac9c68c3	t	entry	success	ENTRY-1761225324083-G69S3MY98	{}	\N	127.0.0.1	1	\N	61	2025-10-23 10:49:46.251-04	2025-10-23 10:49:46.251-04	2025-10-23 10:49:46.252-04
5a3fddac-28c8-4462-a54f-7fa3b04cee14	56949995-0903-4c06-8130-8ee280fef004	\N	bf987fb7-fc2f-4dfc-a92a-4c3699bfd394	t	entry	success	ENTRY-1761225323895-4CNE05GEE	{}	\N	127.0.0.1	1	\N	39	2025-10-23 10:55:48.251-04	2025-10-23 10:55:48.251-04	2025-10-23 10:55:48.251-04
7add6896-2755-4c77-ade9-f8e195353875	3b9c746b-2d0b-4ef0-80df-263304be69f2	\N	bf987fb7-fc2f-4dfc-a92a-4c3699bfd394	t	entry	success	ENTRY-1761225323958-Q96LQJQ0F	{}	\N	127.0.0.1	1	\N	30	2025-10-23 10:56:54.828-04	2025-10-23 10:56:54.828-04	2025-10-23 10:56:54.829-04
5cd9f835-24dc-46a3-9cc4-4f8bceadd46b	7204bb98-734b-4c3f-bc2f-715a3eb93f50	\N	bf987fb7-fc2f-4dfc-a92a-4c3699bfd394	t	entry	success	ENTRY-1761225324052-O1V5SAAIU	{}	\N	127.0.0.1	1	\N	12	2025-10-23 10:56:59.547-04	2025-10-23 10:56:59.547-04	2025-10-23 10:56:59.547-04
e6787040-2829-4711-8978-6cc0430aae62	cd18f16a-8016-4831-a94c-a42098a56a9c	\N	bf987fb7-fc2f-4dfc-a92a-4c3699bfd394	t	entry	success	ENTRY-1761225323926-9BFFTQXFD	{}	\N	127.0.0.1	1	\N	29	2025-10-23 10:57:32.014-04	2025-10-23 10:57:32.014-04	2025-10-23 10:57:32.014-04
560b8e0f-827c-44b0-8ee4-dd8d3a7a9641	bef866d8-1ad0-4264-93b1-b81b938a1c40	\N	bf987fb7-fc2f-4dfc-a92a-4c3699bfd394	t	entry	success	ENTRY-1761226810106-GWEAYWYAF	{}	\N	127.0.0.1	1	\N	25	2025-10-23 10:58:26.667-04	2025-10-23 10:58:26.668-04	2025-10-23 10:58:26.668-04
25a7ba95-86fa-4521-a121-1b58a4dc8903	b85307a7-e4c4-4140-a494-c09c08d829eb	\N	bf987fb7-fc2f-4dfc-a92a-4c3699bfd394	t	entry	success	ENTRY-1761226810122-AP2YE3U2O	{}	\N	127.0.0.1	1	\N	12	2025-10-23 10:58:34.297-04	2025-10-23 10:58:34.297-04	2025-10-23 10:58:34.297-04
eac9340e-7c55-4058-961e-428a2bb58f85	bef866d8-1ad0-4264-93b1-b81b938a1c40	\N	bf987fb7-fc2f-4dfc-a92a-4c3699bfd394	f	entry	already_used	ENTRY-1761226810106-GWEAYWYAF	{}	\N	127.0.0.1	1	Entrada ya fue utilizada	3	2025-10-23 10:58:41.494-04	2025-10-23 10:58:41.494-04	2025-10-23 10:58:41.495-04
199411b4-f0b5-40a9-a734-9feded6c07ca	bef866d8-1ad0-4264-93b1-b81b938a1c40	\N	bf987fb7-fc2f-4dfc-a92a-4c3699bfd394	f	entry	already_used	ENTRY-1761226810106-GWEAYWYAF	{}	\N	127.0.0.1	1	Entrada ya fue utilizada	2	2025-10-23 10:58:44.666-04	2025-10-23 10:58:44.667-04	2025-10-23 10:58:44.667-04
62756fdf-9f31-4587-9897-1029158cc194	fc5d1d15-2ac1-45c9-92c0-e57949da8b04	\N	bf987fb7-fc2f-4dfc-a92a-4c3699bfd394	t	entry	success	ENTRY-1761231851020-XTLJGB4OV	{}	\N	127.0.0.1	1	\N	32	2025-10-23 11:05:45.707-04	2025-10-23 11:05:45.707-04	2025-10-23 11:05:45.708-04
495b3002-ed05-4a36-8b39-0dd49db79980	fc5d1d15-2ac1-45c9-92c0-e57949da8b04	\N	bf987fb7-fc2f-4dfc-a92a-4c3699bfd394	f	entry	already_used	ENTRY-1761231851020-XTLJGB4OV	{}	\N	127.0.0.1	1	Entrada ya fue utilizada	2	2025-10-23 11:05:51.037-04	2025-10-23 11:05:51.037-04	2025-10-23 11:05:51.037-04
2e464eee-e3d3-4fe5-b50c-ec3a6b6a85f3	fc5d1d15-2ac1-45c9-92c0-e57949da8b04	\N	bf987fb7-fc2f-4dfc-a92a-4c3699bfd394	f	entry	already_used	ENTRY-1761231851020-XTLJGB4OV	{}	\N	127.0.0.1	1	Entrada ya fue utilizada	3	2025-10-23 11:05:54.53-04	2025-10-23 11:05:54.53-04	2025-10-23 11:05:54.53-04
ae8f95ca-82a2-4591-b8b8-fe90c96012e5	fc5d1d15-2ac1-45c9-92c0-e57949da8b04	\N	bf987fb7-fc2f-4dfc-a92a-4c3699bfd394	f	entry	already_used	ENTRY-1761231851020-XTLJGB4OV	{}	\N	127.0.0.1	1	Entrada ya fue utilizada	2	2025-10-23 11:05:57.315-04	2025-10-23 11:05:57.315-04	2025-10-23 11:05:57.315-04
9e943f97-cc6a-4875-b206-a93f22171026	9c42b99e-2c67-4843-9ddd-7e259ba98b1d	\N	bf987fb7-fc2f-4dfc-a92a-4c3699bfd394	t	entry	success	ENTRY-1761231851004-DBOGPGQ3F	{}	\N	127.0.0.1	1	\N	28	2025-10-23 11:06:16.986-04	2025-10-23 11:06:16.986-04	2025-10-23 11:06:16.986-04
f8f48bf3-69c3-455b-ae0a-ab46557f9a13	9c42b99e-2c67-4843-9ddd-7e259ba98b1d	\N	bf987fb7-fc2f-4dfc-a92a-4c3699bfd394	f	entry	already_used	ENTRY-1761231851004-DBOGPGQ3F	{}	\N	127.0.0.1	1	Entrada ya fue utilizada	3	2025-10-23 11:06:23.005-04	2025-10-23 11:06:23.005-04	2025-10-23 11:06:23.006-04
291bfccd-261a-49cb-a59a-276182a85b2e	0c70fdd1-be07-4d02-8bc8-5536a0478105	\N	bf987fb7-fc2f-4dfc-a92a-4c3699bfd394	t	entry	success	ENTRY-1761231850938-WN0O5YD4F	{}	\N	127.0.0.1	1	\N	30	2025-10-23 11:06:34.028-04	2025-10-23 11:06:34.028-04	2025-10-23 11:06:34.029-04
8bf344bf-f2f1-434a-89f8-7885bc454ff2	0c70fdd1-be07-4d02-8bc8-5536a0478105	\N	c8f2fb92-e3a3-47a5-b67e-1fdaac9c68c3	f	entry	already_used	ENTRY-1761231850938-WN0O5YD4F	{}	\N	127.0.0.1	1	Entrada ya fue utilizada	13	2025-10-23 11:06:54.955-04	2025-10-23 11:06:54.955-04	2025-10-23 11:06:54.955-04
54ce5f8a-164c-4ae9-8fbb-3d3fe56947d3	9c42b99e-2c67-4843-9ddd-7e259ba98b1d	\N	c8f2fb92-e3a3-47a5-b67e-1fdaac9c68c3	f	entry	already_used	ENTRY-1761231851004-DBOGPGQ3F	{}	\N	127.0.0.1	1	Entrada ya fue utilizada	3	2025-10-23 11:07:02.961-04	2025-10-23 11:07:02.961-04	2025-10-23 11:07:02.961-04
d0bf910d-115b-4cce-b6da-4f02f32cf313	93df50b3-11b9-4e8a-b71a-17c2ed210403	\N	bf987fb7-fc2f-4dfc-a92a-4c3699bfd394	t	entry	success	ENTRY-1761250981541-867AJPHON	{}	\N	127.0.0.1	1	\N	43	2025-10-23 16:25:17.583-04	2025-10-23 16:25:17.583-04	2025-10-23 16:25:17.584-04
2753623f-7964-4cfc-9532-ccd5a9588947	93df50b3-11b9-4e8a-b71a-17c2ed210403	\N	bf987fb7-fc2f-4dfc-a92a-4c3699bfd394	f	entry	already_used	ENTRY-1761250981541-867AJPHON	{}	\N	127.0.0.1	1	Entrada ya fue utilizada	9	2025-10-23 16:25:44.263-04	2025-10-23 16:25:44.263-04	2025-10-23 16:25:44.263-04
5dc1cf0e-e355-4e75-aaab-dd9c32d7a0a6	3a24c1bc-aaec-4034-8730-b59aa971510a	\N	bf987fb7-fc2f-4dfc-a92a-4c3699bfd394	t	entry	success	ENTRY-1761225324099-8ZV43EPAV	{}	\N	127.0.0.1	1	\N	31	2025-10-23 17:17:13.684-04	2025-10-23 17:17:13.684-04	2025-10-23 17:17:13.684-04
df59dd72-b2a4-411c-b7d0-757f689028b1	\N	\N	bf987fb7-fc2f-4dfc-a92a-4c3699bfd394	f	entry	invalid_qr	07AYZJ396C	{"platform": "Linux armv81", "timestamp": "2025-10-23T21:22:01.034Z", "userAgent": "Mozilla/5.0 (Linux; Android 10; K) AppleWebKit/537.36 (KHTML, like Gecko) Chrome/141.0.0.0 Mobile Safari/537.36"}	Dashboard Administrativo	127.0.0.1	1	QR no existe en el sistema	4	2025-10-23 17:22:00.983-04	2025-10-23 17:22:00.984-04	2025-10-23 17:22:00.984-04
0de2ca62-73d3-4602-ab8e-62d065003fea	\N	\N	bf987fb7-fc2f-4dfc-a92a-4c3699bfd394	f	entry	invalid_qr	07AYZJ396C	{"platform": "Linux armv81", "timestamp": "2025-10-23T21:22:08.611Z", "userAgent": "Mozilla/5.0 (Linux; Android 10; K) AppleWebKit/537.36 (KHTML, like Gecko) Chrome/141.0.0.0 Mobile Safari/537.36"}	Dashboard Administrativo	127.0.0.1	1	QR no existe en el sistema	2	2025-10-23 17:22:08.615-04	2025-10-23 17:22:08.615-04	2025-10-23 17:22:08.615-04
4b016419-5c97-4aff-b03e-9499a24f8c3d	4962b9f0-d260-4076-967f-e63eaddd1017	\N	bf987fb7-fc2f-4dfc-a92a-4c3699bfd394	f	entry	already_used	ENTRY-1761225324175-L8N8D9K8Y	{}	\N	127.0.0.1	1	Entrada ya fue utilizada	7	2025-10-23 17:22:28.911-04	2025-10-23 17:22:28.911-04	2025-10-23 17:22:28.911-04
dae8daa3-59bb-473c-ac40-2d49e5ee19cf	8e5259b7-1696-4d86-a715-9712511d4c0b	\N	bf987fb7-fc2f-4dfc-a92a-4c3699bfd394	t	entry	success	ENTRY-1761225324145-OM8B531K7	{}	\N	127.0.0.1	1	\N	23	2025-10-23 17:23:09.556-04	2025-10-23 17:23:09.556-04	2025-10-23 17:23:09.557-04
273d0e5c-8edd-4d97-9158-bbf2cb699a1a	23a04a55-a774-4803-a501-dbe7c94e8f48	\N	bf987fb7-fc2f-4dfc-a92a-4c3699bfd394	f	entry	already_used	ENTRY-1761225324160-F0O4OSTVG	{}	\N	127.0.0.1	1	Entrada ya fue utilizada	9	2025-10-23 17:37:38.18-04	2025-10-23 17:37:38.18-04	2025-10-23 17:37:38.18-04
ad6ea69e-a02e-48b2-8cbf-d56abb0bf7ac	4962b9f0-d260-4076-967f-e63eaddd1017	\N	bf987fb7-fc2f-4dfc-a92a-4c3699bfd394	f	entry	already_used	ENTRY-1761225324175-L8N8D9K8Y	{}	\N	127.0.0.1	1	Entrada ya fue utilizada	9	2025-10-23 17:39:24.395-04	2025-10-23 17:39:24.395-04	2025-10-23 17:39:24.395-04
24877bba-534c-43ec-88f9-177007d677f9	44be707c-4c79-4d17-bf54-2237a65baec7	\N	bf987fb7-fc2f-4dfc-a92a-4c3699bfd394	t	entry	success	ENTRY-1761225324022-UQC81RDO8	{}	\N	127.0.0.1	1	\N	23	2025-10-23 17:40:53.443-04	2025-10-23 17:40:53.444-04	2025-10-23 17:40:53.444-04
f40b4e8a-206c-48e8-9725-f178b5087661	44be707c-4c79-4d17-bf54-2237a65baec7	\N	bf987fb7-fc2f-4dfc-a92a-4c3699bfd394	f	entry	already_used	ENTRY-1761225324022-UQC81RDO8	{}	\N	127.0.0.1	1	Entrada ya fue utilizada	8	2025-10-23 17:41:05.79-04	2025-10-23 17:41:05.79-04	2025-10-23 17:41:05.79-04
eebc9d98-a53e-4f74-b134-7f4323e5c3c6	e2100622-a8a8-4f36-8723-31309529b95e	\N	c8f2fb92-e3a3-47a5-b67e-1fdaac9c68c3	t	entry	success	ENTRY-1761225324005-1WG0HAICK	{}	\N	127.0.0.1	1	\N	31	2025-10-23 17:47:39.84-04	2025-10-23 17:47:39.841-04	2025-10-23 17:47:39.841-04
a60937be-4fa0-41da-a52c-be3414413f3e	56949995-0903-4c06-8130-8ee280fef004	\N	c8f2fb92-e3a3-47a5-b67e-1fdaac9c68c3	f	entry	already_used	ENTRY-1761225323895-4CNE05GEE	{}	\N	127.0.0.1	1	Entrada ya fue utilizada	16	2025-10-23 17:47:51.003-04	2025-10-23 17:47:51.003-04	2025-10-23 17:47:51.003-04
7cd08055-30dd-40e9-b44b-f6b1b4c30561	fff3eb30-b3c4-4482-a19e-d2a8dc587410	\N	bf987fb7-fc2f-4dfc-a92a-4c3699bfd394	t	entry	success	ENTRY-1761225323864-RX9TYIZQI	{}	\N	127.0.0.1	1	\N	32	2025-10-23 17:51:03.628-04	2025-10-23 17:51:03.628-04	2025-10-23 17:51:03.628-04
3166726f-75f9-4c04-a55c-839df242a0f6	530be141-624a-4c9c-8ecb-36586bed78f4	\N	bf987fb7-fc2f-4dfc-a92a-4c3699bfd394	t	entry	success	ENTRY-1761225323989-OUDP9JY5Y	{}	\N	127.0.0.1	1	\N	16	2025-10-23 17:51:22.096-04	2025-10-23 17:51:22.096-04	2025-10-23 17:51:22.096-04
515356b1-3fd1-4a99-80ed-c493b612b1ac	fff3eb30-b3c4-4482-a19e-d2a8dc587410	\N	bf987fb7-fc2f-4dfc-a92a-4c3699bfd394	f	entry	already_used	ENTRY-1761225323864-RX9TYIZQI	{}	\N	127.0.0.1	1	Entrada ya fue utilizada	7	2025-10-23 17:52:33.211-04	2025-10-23 17:52:33.211-04	2025-10-23 17:52:33.211-04
511b9ed0-904e-44a6-84b1-e59d886e3098	3b9c746b-2d0b-4ef0-80df-263304be69f2	\N	11b89ccc-b42e-4c8a-91b7-a60a60e8fdc7	f	entry	already_used	ENTRY-1761225323958-Q96LQJQ0F	{}	\N	127.0.0.1	1	Entrada ya fue utilizada	27	2025-10-24 09:17:13.018-04	2025-10-24 09:17:13.019-04	2025-10-24 09:17:13.02-04
01b1de22-cc1e-48cf-b074-3969750f64eb	4962b9f0-d260-4076-967f-e63eaddd1017	\N	11b89ccc-b42e-4c8a-91b7-a60a60e8fdc7	f	entry	already_used	ENTRY-1761225324175-L8N8D9K8Y	{}	\N	127.0.0.1	1	Entrada ya fue utilizada	16	2025-10-24 09:17:29.005-04	2025-10-24 09:17:29.005-04	2025-10-24 09:17:29.005-04
3dc43aaf-32dd-4ad4-b50f-9fa04a50280f	85dfb231-ce76-40e2-8b69-7a58308c0a76	\N	11b89ccc-b42e-4c8a-91b7-a60a60e8fdc7	f	entry	already_used	ENTRY-1761225324083-G69S3MY98	{}	\N	127.0.0.1	1	Entrada ya fue utilizada	3	2025-10-24 09:17:38.573-04	2025-10-24 09:17:38.573-04	2025-10-24 09:17:38.574-04
3cffb99e-c7b3-4d3a-b9db-f5c5130440f4	530be141-624a-4c9c-8ecb-36586bed78f4	\N	11b89ccc-b42e-4c8a-91b7-a60a60e8fdc7	f	entry	already_used	ENTRY-1761225323989-OUDP9JY5Y	{}	\N	127.0.0.1	1	Entrada ya fue utilizada	13	2025-10-24 09:17:54.697-04	2025-10-24 09:17:54.698-04	2025-10-24 09:17:54.698-04
c6a3fdc6-8f93-4d4a-b9b9-9d4c915d1560	3345ab9d-5980-4189-94d0-4ffef09962e8	\N	c8f2fb92-e3a3-47a5-b67e-1fdaac9c68c3	t	entry	success	ENTRY-1761225323942-C8A2RZW82	{}	\N	127.0.0.1	1	\N	18	2025-10-24 09:23:14.068-04	2025-10-24 09:23:14.068-04	2025-10-24 09:23:14.069-04
2d60e584-b586-4e5b-a172-023cdc07cbd8	3345ab9d-5980-4189-94d0-4ffef09962e8	\N	11b89ccc-b42e-4c8a-91b7-a60a60e8fdc7	f	entry	already_used	ENTRY-1761225323942-C8A2RZW82	{}	\N	127.0.0.1	1	Entrada ya fue utilizada	7	2025-10-24 09:23:52.321-04	2025-10-24 09:23:52.322-04	2025-10-24 09:23:52.322-04
c0648498-874a-469e-b640-3038fdc2f700	3345ab9d-5980-4189-94d0-4ffef09962e8	\N	11b89ccc-b42e-4c8a-91b7-a60a60e8fdc7	f	entry	already_used	ENTRY-1761225323942-C8A2RZW82	{}	\N	127.0.0.1	1	Entrada ya fue utilizada	3	2025-10-24 09:23:58.818-04	2025-10-24 09:23:58.818-04	2025-10-24 09:23:58.818-04
32bbe84a-9563-4692-99b1-d397e01c1bfd	3345ab9d-5980-4189-94d0-4ffef09962e8	\N	11b89ccc-b42e-4c8a-91b7-a60a60e8fdc7	f	entry	already_used	ENTRY-1761225323942-C8A2RZW82	{}	\N	127.0.0.1	1	Entrada ya fue utilizada	2	2025-10-24 09:24:05.686-04	2025-10-24 09:24:05.687-04	2025-10-24 09:24:05.687-04
9e8f7f82-badd-44d2-9373-3fc36b549ec7	3345ab9d-5980-4189-94d0-4ffef09962e8	\N	11b89ccc-b42e-4c8a-91b7-a60a60e8fdc7	f	entry	already_used	ENTRY-1761225323942-C8A2RZW82	{}	\N	127.0.0.1	1	Entrada ya fue utilizada	2	2025-10-24 09:24:12.224-04	2025-10-24 09:24:12.224-04	2025-10-24 09:24:12.225-04
d6b914ff-4621-4ef5-8214-d1721cfdf415	fff3eb30-b3c4-4482-a19e-d2a8dc587410	\N	c8f2fb92-e3a3-47a5-b67e-1fdaac9c68c3	f	entry	already_used	ENTRY-1761225323864-RX9TYIZQI	{}	\N	127.0.0.1	1	Entrada ya fue utilizada	8	2025-10-24 09:25:18.376-04	2025-10-24 09:25:18.376-04	2025-10-24 09:25:18.376-04
853000e8-94e4-4dd7-abc9-acc392a12fb1	56949995-0903-4c06-8130-8ee280fef004	\N	c8f2fb92-e3a3-47a5-b67e-1fdaac9c68c3	f	entry	already_used	ENTRY-1761225323895-4CNE05GEE	{}	\N	127.0.0.1	1	Entrada ya fue utilizada	1	2025-10-24 09:25:25.059-04	2025-10-24 09:25:25.059-04	2025-10-24 09:25:25.059-04
12c4ee29-f126-415d-a528-2b3d73b16828	cd18f16a-8016-4831-a94c-a42098a56a9c	\N	c8f2fb92-e3a3-47a5-b67e-1fdaac9c68c3	f	entry	already_used	ENTRY-1761225323926-9BFFTQXFD	{}	\N	127.0.0.1	1	Entrada ya fue utilizada	1	2025-10-24 09:25:31.717-04	2025-10-24 09:25:31.718-04	2025-10-24 09:25:31.718-04
8b50e617-ecb1-42d8-ac91-591163f6e90b	a17e79a4-59d7-44c5-8817-9fea8ca58714	\N	c8f2fb92-e3a3-47a5-b67e-1fdaac9c68c3	t	entry	success	ENTRY-1761225323806-S21LSN8FH	{}	\N	127.0.0.1	1	\N	8	2025-10-24 09:25:40.043-04	2025-10-24 09:25:40.043-04	2025-10-24 09:25:40.043-04
19893c5a-fff5-40a9-b55e-371404dc37c7	3b9c746b-2d0b-4ef0-80df-263304be69f2	\N	11b89ccc-b42e-4c8a-91b7-a60a60e8fdc7	f	entry	already_used	ENTRY-1761225323958-Q96LQJQ0F	{}	\N	127.0.0.1	1	Entrada ya fue utilizada	14	2025-10-24 11:37:37.325-04	2025-10-24 11:37:37.327-04	2025-10-24 11:37:37.327-04
4433f83b-5962-40ed-a852-236112e4bbb2	3345ab9d-5980-4189-94d0-4ffef09962e8	\N	11b89ccc-b42e-4c8a-91b7-a60a60e8fdc7	f	entry	already_used	ENTRY-1761225323942-C8A2RZW82	{}	\N	127.0.0.1	1	Entrada ya fue utilizada	2	2025-10-24 11:37:43.5-04	2025-10-24 11:37:43.5-04	2025-10-24 11:37:43.5-04
c2952192-f464-4b38-83af-674da6831409	\N	\N	11b89ccc-b42e-4c8a-91b7-a60a60e8fdc7	f	entry	invalid_qr	10524648	{"platform": "Linux armv81", "timestamp": "2025-10-24T15:45:04.085Z", "userAgent": "Mozilla/5.0 (Linux; Android 10; K) AppleWebKit/537.36 (KHTML, like Gecko) Chrome/141.0.0.0 Mobile Safari/537.36"}	Dashboard Administrativo	127.0.0.1	1	QR no existe en el sistema	7	2025-10-24 11:45:09.707-04	2025-10-24 11:45:09.708-04	2025-10-24 11:45:09.708-04
\.


--
-- TOC entry 5056 (class 0 OID 60857)
-- Dependencies: 224
-- Data for Name: empresas; Type: TABLE DATA; Schema: public; Owner: postgres
--

COPY public.empresas (id, nombre, "cupoTotal", activo, "createdAt", "updatedAt") FROM stdin;
f409b804-8cbb-47c4-9968-bf76bf422b6d	samuelsa	5	t	2025-10-21 16:06:35.576-04	2025-10-21 16:06:35.576-04
e3de3b64-0ed7-49bc-9377-50ca6d97a04c	roberto	1	t	2025-10-21 16:09:55.481-04	2025-10-21 16:09:55.481-04
\.


--
-- TOC entry 5051 (class 0 OID 60687)
-- Dependencies: 219
-- Data for Name: events; Type: TABLE DATA; Schema: public; Owner: postgres
--

COPY public.events (id, name, description, location, start_date, end_date, max_capacity, current_sold, price_ranges, base_price, status, allow_refunds, requires_approval, sale_start_date, sale_end_date, metadata, image_url, "createdAt", "updatedAt", "createdBy") FROM stdin;
460ed446-cac1-4caf-afef-d8f99d8b61b7	Evento de Prueba	Evento para probar el sistema de entradas	Centro de Convenciones	2025-10-21 15:05:01.338-04	2025-10-21 19:05:01.338-04	100	0	[{"price": 20, "endTime": "12:00", "startTime": "09:00"}, {"price": 25, "endTime": "18:00", "startTime": "12:00"}, {"price": 30, "endTime": "23:00", "startTime": "18:00"}]	25.00	active	f	f	\N	\N	{}	\N	2025-10-21 16:05:01.338-04	2025-10-21 16:05:01.338-04	bf987fb7-fc2f-4dfc-a92a-4c3699bfd394
\.


--
-- TOC entry 5057 (class 0 OID 60883)
-- Dependencies: 225
-- Data for Name: participantes; Type: TABLE DATA; Schema: public; Owner: postgres
--

COPY public.participantes (id, nombre, apellido, ci, telefono, correo, zona, "fechaNacimiento", area, "empresaId", sexo, ocupacion, "nombreReferencia", parentesco, "celularReferencia", token, "qrCode", estado, "urlFoto", "datosExtra", "ultimoAcceso", "createdAt", "updatedAt") FROM stdin;
fba3a669-bfae-4095-a50f-3aaff1010047	ROBERTO	ESTRADA	7545454	74124555	mchd@gmail.com	SAN PEDRO	2019-03-01	\N	f409b804-8cbb-47c4-9968-bf76bf422b6d	M	SANDRO	ROBERTO	MADRE	74547842	27d813ef-ee2c-4926-b7a2-7be166bf2169	TK-1761077301547-84C9B600B53B	activo	\N	{}	\N	2025-10-21 16:08:21.551-04	2025-10-21 16:08:21.551-04
cddc73a0-2083-4ada-8caa-309aa8b94d98	SAMUEL	ROMAN	14544845	74541215	samuel@gmail.com	SAN PEDRO	2010-02-02	\N	e3de3b64-0ed7-49bc-9377-50ca6d97a04c	M	SAMUEL	SAMUEL	PADRE	741224212	639dfcbc-2556-4f11-8a96-83cb8691aaf6	TK-1761077474938-CE692EF8AB61	activo	\N	{}	\N	2025-10-21 16:11:14.941-04	2025-10-21 16:11:14.941-04
3b6e7151-030e-408e-82ae-f5273f3b95bd	ARMADO	PAREDES	74544717	74511552	armandi@gmail.com	SAN PEDRO	2010-01-15	\N	f409b804-8cbb-47c4-9968-bf76bf422b6d	M	PACO	MARIA	PADRE	74121232	97f72687-674a-412a-a398-c4e3b027ecea	TK-1761137789975-40112CD3235B	activo	\N	{}	2025-10-23 16:39:34.625-04	2025-10-22 08:56:29.983-04	2025-10-23 16:39:34.626-04
b2f99c5c-1505-47fa-9b8b-b15a06093924	MAURICIO	HUA NACIÓ DELGADO	8595318	69683699	ncjdjd@gmaik.com	SAN MILLARSS	1993-10-23	\N	f409b804-8cbb-47c4-9968-bf76bf422b6d	M	PIRATA	PACO	PADRE	74745478	51e3f63d-6bca-401b-9f1d-d4e2d0e21242	TK-1761252688687-9D5A86AF4FE0	activo	\N	{}	\N	2025-10-23 16:51:28.7-04	2025-10-23 16:51:28.7-04
\.


--
-- TOC entry 5054 (class 0 OID 60819)
-- Dependencies: 222
-- Data for Name: staff; Type: TABLE DATA; Schema: public; Owner: postgres
--

COPY public.staff (id, nombre, documento, cargo, "fotoUrl", "qrCode", "createdAt", "updatedAt") FROM stdin;
\.


--
-- TOC entry 5052 (class 0 OID 60721)
-- Dependencies: 220
-- Data for Name: tickets; Type: TABLE DATA; Schema: public; Owner: postgres
--

COPY public.tickets (id, qr_code, ticket_number, buyer_name, buyer_email, buyer_phone, buyer_document, sale_price, sale_date, payment_method, payment_reference, status, validated_at, validation_attempts, notes, metadata, ip_address, user_agent, quantity, "createdAt", "updatedAt", "sellerId", "validatedBy", "eventId") FROM stdin;
71a861d2-609d-4808-b553-db2b6d30cbdf	TK-1761077101376-CDECD9C18F99	E000001	Juan Pérez	juan@ejemplo.com	70000001	\N	25.00	2025-10-21 16:05:01.377-04	cash	\N	active	\N	0	\N	{}	\N	\N	1	2025-10-21 16:05:01.378-04	2025-10-21 16:05:01.378-04	a42f0634-b3a8-4967-9f77-d765885334b2	\N	460ed446-cac1-4caf-afef-d8f99d8b61b7
94bb2b1a-9854-4b88-8eda-92c56fba235e	TK-1761077101377-58FEB18E6F2A	E000002	María García	maria@ejemplo.com	70000002	\N	30.00	2025-10-21 16:05:01.377-04	card	\N	active	\N	0	\N	{}	\N	\N	1	2025-10-21 16:05:01.378-04	2025-10-21 16:05:01.378-04	a42f0634-b3a8-4967-9f77-d765885334b2	\N	460ed446-cac1-4caf-afef-d8f99d8b61b7
e5ba7549-7164-43b4-a628-2df043439eb7	ENTRY-1761225323974-KW73EHB4A	E000009	Por asignar	\N	\N	\N	0.00	2025-10-23 09:15:23.806-04	cash	\N	active	\N	0	\N	{"tipo": "entrada_general", "generadoPor": "admin", "generacionMasiva": true}	\N	\N	1	2025-10-23 09:15:23.976-04	2025-10-23 09:15:23.976-04	bf987fb7-fc2f-4dfc-a92a-4c3699bfd394	\N	\N
8935b372-a4a1-4868-9c1a-21e0b1c89bab	ENTRY-1761225324037-TE9MPCVYX	E000013	Por asignar	\N	\N	\N	0.00	2025-10-23 09:15:23.806-04	cash	\N	active	\N	0	\N	{"tipo": "entrada_general", "generadoPor": "admin", "generacionMasiva": true}	\N	\N	1	2025-10-23 09:15:24.039-04	2025-10-23 09:15:24.039-04	bf987fb7-fc2f-4dfc-a92a-4c3699bfd394	\N	\N
0de76929-c94a-4834-941c-ad25c3e82092	ENTRY-1761225324068-8F3FW7SF2	E000015	Por asignar	\N	\N	\N	0.00	2025-10-23 09:15:23.806-04	cash	\N	active	\N	0	\N	{"tipo": "entrada_general", "generadoPor": "admin", "generacionMasiva": true}	\N	\N	1	2025-10-23 09:15:24.071-04	2025-10-23 09:15:24.071-04	bf987fb7-fc2f-4dfc-a92a-4c3699bfd394	\N	\N
6d4a2452-2d2d-4439-bf6f-b5eb2b78aa74	ENTRY-1761225324114-0L8EAL6KQ	E000018	Por asignar	\N	\N	\N	0.00	2025-10-23 09:15:23.806-04	cash	\N	active	\N	0	\N	{"tipo": "entrada_general", "generadoPor": "admin", "generacionMasiva": true}	\N	\N	1	2025-10-23 09:15:24.119-04	2025-10-23 09:15:24.119-04	bf987fb7-fc2f-4dfc-a92a-4c3699bfd394	\N	\N
224b7e2a-5b7a-4fd1-ac8c-9ed0da67ca22	ENTRY-1761225324129-565M4TAXF	E000019	Por asignar	\N	\N	\N	0.00	2025-10-23 09:15:23.806-04	cash	\N	active	\N	0	\N	{"tipo": "entrada_general", "generadoPor": "admin", "generacionMasiva": true}	\N	\N	1	2025-10-23 09:15:24.133-04	2025-10-23 09:15:24.133-04	bf987fb7-fc2f-4dfc-a92a-4c3699bfd394	\N	\N
9b4baa93-c546-4a8c-8d66-4f82a0c10de6	ENTRY-1761226810037-K0QQI76ZW	E000023	Por asignar	\N	\N	\N	0.00	2025-10-23 09:40:10.037-04	cash	\N	active	\N	0	\N	{"tipo": "entrada_general", "generadoPor": "admin", "generacionMasiva": true}	\N	\N	1	2025-10-23 09:40:10.055-04	2025-10-23 09:40:10.055-04	bf987fb7-fc2f-4dfc-a92a-4c3699bfd394	\N	\N
a6498999-1272-4a16-926d-7bd23fcc7357	ENTRY-1761226810090-QFYLX30NX	E000024	Por asignar	\N	\N	\N	0.00	2025-10-23 09:40:10.037-04	cash	\N	active	\N	0	\N	{"tipo": "entrada_general", "generadoPor": "admin", "generacionMasiva": true}	\N	\N	1	2025-10-23 09:40:10.093-04	2025-10-23 09:40:10.093-04	bf987fb7-fc2f-4dfc-a92a-4c3699bfd394	\N	\N
d5cfe112-b5af-45f7-9d1d-b523ec9ee612	ENTRY-1761226810138-IRNGRABIC	E000027	Por asignar	\N	\N	\N	0.00	2025-10-23 09:40:10.037-04	cash	\N	active	\N	0	\N	{"tipo": "entrada_general", "generadoPor": "admin", "generacionMasiva": true}	\N	\N	1	2025-10-23 09:40:10.141-04	2025-10-23 09:40:10.141-04	bf987fb7-fc2f-4dfc-a92a-4c3699bfd394	\N	\N
fb1c39cd-3cc8-45cf-a0a2-696bb5f72721	ENTRY-1761226810153-NOK3ONAVE	E000028	Por asignar	\N	\N	\N	0.00	2025-10-23 09:40:10.037-04	cash	\N	active	\N	0	\N	{"tipo": "entrada_general", "generadoPor": "admin", "generacionMasiva": true}	\N	\N	1	2025-10-23 09:40:10.155-04	2025-10-23 09:40:10.155-04	bf987fb7-fc2f-4dfc-a92a-4c3699bfd394	\N	\N
9aa2564e-2162-4f1a-a96f-dd60a42b7895	ENTRY-1761226810168-2ICWXDXNK	E000029	Por asignar	\N	\N	\N	0.00	2025-10-23 09:40:10.037-04	cash	\N	active	\N	0	\N	{"tipo": "entrada_general", "generadoPor": "admin", "generacionMasiva": true}	\N	\N	1	2025-10-23 09:40:10.17-04	2025-10-23 09:40:10.17-04	bf987fb7-fc2f-4dfc-a92a-4c3699bfd394	\N	\N
a0f23f16-216d-42c3-8158-12d0293ae9e3	ENTRY-1761226810184-T3P1C7V52	E000030	Por asignar	\N	\N	\N	0.00	2025-10-23 09:40:10.037-04	cash	\N	active	\N	0	\N	{"tipo": "entrada_general", "generadoPor": "admin", "generacionMasiva": true}	\N	\N	1	2025-10-23 09:40:10.187-04	2025-10-23 09:40:10.187-04	bf987fb7-fc2f-4dfc-a92a-4c3699bfd394	\N	\N
ce784f41-8b22-4e44-994e-644744fb412b	ENTRY-1761226810199-O6G7UQ5C8	E000031	Por asignar	\N	\N	\N	0.00	2025-10-23 09:40:10.037-04	cash	\N	active	\N	0	\N	{"tipo": "entrada_general", "generadoPor": "admin", "generacionMasiva": true}	\N	\N	1	2025-10-23 09:40:10.202-04	2025-10-23 09:40:10.202-04	bf987fb7-fc2f-4dfc-a92a-4c3699bfd394	\N	\N
11eb4e95-f59a-473b-b431-4e5fa023b66e	ENTRY-1761226810216-QS2ZECR60	E000032	Por asignar	\N	\N	\N	0.00	2025-10-23 09:40:10.037-04	cash	\N	active	\N	0	\N	{"tipo": "entrada_general", "generadoPor": "admin", "generacionMasiva": true}	\N	\N	1	2025-10-23 09:40:10.22-04	2025-10-23 09:40:10.22-04	bf987fb7-fc2f-4dfc-a92a-4c3699bfd394	\N	\N
1874461c-cc04-47c9-b598-a2df93101db3	ENTRY-1761226965264-3LUHLZ6O9	E000033	Por asignar	\N	\N	\N	0.00	2025-10-23 09:42:45.264-04	cash	\N	active	\N	0	\N	{"tipo": "entrada_general", "generadoPor": "admin", "generacionMasiva": true}	\N	\N	1	2025-10-23 09:42:45.269-04	2025-10-23 09:42:45.269-04	bf987fb7-fc2f-4dfc-a92a-4c3699bfd394	\N	\N
23a04a55-a774-4803-a501-dbe7c94e8f48	ENTRY-1761225324160-F0O4OSTVG	E000021	Por asignar	\N	\N	\N	0.00	2025-10-23 09:15:23.806-04	cash	\N	used	2025-10-23 10:49:27.364-04	0	\N	{"tipo": "entrada_general", "generadoPor": "admin", "generacionMasiva": true}	\N	\N	1	2025-10-23 09:15:24.162-04	2025-10-23 10:49:27.364-04	bf987fb7-fc2f-4dfc-a92a-4c3699bfd394	\N	\N
85dfb231-ce76-40e2-8b69-7a58308c0a76	ENTRY-1761225324083-G69S3MY98	E000016	Por asignar	\N	\N	\N	0.00	2025-10-23 09:15:23.806-04	cash	\N	used	2025-10-23 10:49:46.218-04	0	\N	{"tipo": "entrada_general", "generadoPor": "admin", "generacionMasiva": true}	\N	\N	1	2025-10-23 09:15:24.087-04	2025-10-23 10:49:46.218-04	bf987fb7-fc2f-4dfc-a92a-4c3699bfd394	\N	\N
56949995-0903-4c06-8130-8ee280fef004	ENTRY-1761225323895-4CNE05GEE	E000005	Por asignar	\N	\N	\N	0.00	2025-10-23 09:15:23.806-04	cash	\N	used	2025-10-23 10:55:48.228-04	0	\N	{"tipo": "entrada_general", "generadoPor": "admin", "generacionMasiva": true}	\N	\N	1	2025-10-23 09:15:23.901-04	2025-10-23 10:55:48.228-04	bf987fb7-fc2f-4dfc-a92a-4c3699bfd394	\N	\N
3b9c746b-2d0b-4ef0-80df-263304be69f2	ENTRY-1761225323958-Q96LQJQ0F	E000008	Por asignar	\N	\N	\N	0.00	2025-10-23 09:15:23.806-04	cash	\N	used	2025-10-23 10:56:54.813-04	0	\N	{"tipo": "entrada_general", "generadoPor": "admin", "generacionMasiva": true}	\N	\N	1	2025-10-23 09:15:23.96-04	2025-10-23 10:56:54.814-04	bf987fb7-fc2f-4dfc-a92a-4c3699bfd394	\N	\N
7204bb98-734b-4c3f-bc2f-715a3eb93f50	ENTRY-1761225324052-O1V5SAAIU	E000014	Por asignar	\N	\N	\N	0.00	2025-10-23 09:15:23.806-04	cash	\N	used	2025-10-23 10:56:59.537-04	0	\N	{"tipo": "entrada_general", "generadoPor": "admin", "generacionMasiva": true}	\N	\N	1	2025-10-23 09:15:24.055-04	2025-10-23 10:56:59.537-04	bf987fb7-fc2f-4dfc-a92a-4c3699bfd394	\N	\N
cd18f16a-8016-4831-a94c-a42098a56a9c	ENTRY-1761225323926-9BFFTQXFD	E000006	Por asignar	\N	\N	\N	0.00	2025-10-23 09:15:23.806-04	cash	\N	used	2025-10-23 10:57:31.995-04	0	\N	{"tipo": "entrada_general", "generadoPor": "admin", "generacionMasiva": true}	\N	\N	1	2025-10-23 09:15:23.928-04	2025-10-23 10:57:31.995-04	bf987fb7-fc2f-4dfc-a92a-4c3699bfd394	\N	\N
bef866d8-1ad0-4264-93b1-b81b938a1c40	ENTRY-1761226810106-GWEAYWYAF	E000025	Por asignar	\N	\N	\N	0.00	2025-10-23 09:40:10.037-04	cash	\N	used	2025-10-23 10:58:26.654-04	0	\N	{"tipo": "entrada_general", "generadoPor": "admin", "generacionMasiva": true}	\N	\N	1	2025-10-23 09:40:10.109-04	2025-10-23 10:58:26.655-04	bf987fb7-fc2f-4dfc-a92a-4c3699bfd394	\N	\N
b85307a7-e4c4-4140-a494-c09c08d829eb	ENTRY-1761226810122-AP2YE3U2O	E000026	Por asignar	\N	\N	\N	0.00	2025-10-23 09:40:10.037-04	cash	\N	used	2025-10-23 10:58:34.287-04	0	\N	{"tipo": "entrada_general", "generadoPor": "admin", "generacionMasiva": true}	\N	\N	1	2025-10-23 09:40:10.124-04	2025-10-23 10:58:34.287-04	bf987fb7-fc2f-4dfc-a92a-4c3699bfd394	\N	\N
3a24c1bc-aaec-4034-8730-b59aa971510a	ENTRY-1761225324099-8ZV43EPAV	E000017	Por asignar	\N	\N	\N	0.00	2025-10-23 09:15:23.806-04	cash	\N	used	2025-10-23 17:17:13.662-04	0	\N	{"tipo": "entrada_general", "generadoPor": "admin", "generacionMasiva": true}	\N	\N	1	2025-10-23 09:15:24.103-04	2025-10-23 17:17:13.663-04	bf987fb7-fc2f-4dfc-a92a-4c3699bfd394	\N	\N
8e5259b7-1696-4d86-a715-9712511d4c0b	ENTRY-1761225324145-OM8B531K7	E000020	Por asignar	\N	\N	\N	0.00	2025-10-23 09:15:23.806-04	cash	\N	used	2025-10-23 17:23:09.54-04	0	\N	{"tipo": "entrada_general", "generadoPor": "admin", "generacionMasiva": true}	\N	\N	1	2025-10-23 09:15:24.148-04	2025-10-23 17:23:09.541-04	bf987fb7-fc2f-4dfc-a92a-4c3699bfd394	\N	\N
44be707c-4c79-4d17-bf54-2237a65baec7	ENTRY-1761225324022-UQC81RDO8	E000012	Por asignar	\N	\N	\N	0.00	2025-10-23 09:15:23.806-04	cash	\N	used	2025-10-23 17:40:53.43-04	0	\N	{"tipo": "entrada_general", "generadoPor": "admin", "generacionMasiva": true}	\N	\N	1	2025-10-23 09:15:24.024-04	2025-10-23 17:40:53.43-04	bf987fb7-fc2f-4dfc-a92a-4c3699bfd394	\N	\N
e2100622-a8a8-4f36-8723-31309529b95e	ENTRY-1761225324005-1WG0HAICK	E000011	Por asignar	\N	\N	\N	0.00	2025-10-23 09:15:23.806-04	cash	\N	used	2025-10-23 17:47:39.82-04	0	\N	{"tipo": "entrada_general", "generadoPor": "admin", "generacionMasiva": true}	\N	\N	1	2025-10-23 09:15:24.008-04	2025-10-23 17:47:39.82-04	bf987fb7-fc2f-4dfc-a92a-4c3699bfd394	\N	\N
fff3eb30-b3c4-4482-a19e-d2a8dc587410	ENTRY-1761225323864-RX9TYIZQI	E000004	Por asignar	\N	\N	\N	0.00	2025-10-23 09:15:23.806-04	cash	\N	used	2025-10-23 17:51:03.611-04	0	\N	{"tipo": "entrada_general", "generadoPor": "admin", "generacionMasiva": true}	\N	\N	1	2025-10-23 09:15:23.87-04	2025-10-23 17:51:03.611-04	bf987fb7-fc2f-4dfc-a92a-4c3699bfd394	\N	\N
3345ab9d-5980-4189-94d0-4ffef09962e8	ENTRY-1761225323942-C8A2RZW82	E000007	Por asignar	\N	\N	\N	0.00	2025-10-23 09:15:23.806-04	cash	\N	used	2025-10-24 09:23:14.057-04	0	\N	{"tipo": "entrada_general", "generadoPor": "admin", "generacionMasiva": true}	\N	\N	1	2025-10-23 09:15:23.944-04	2025-10-24 09:23:14.058-04	bf987fb7-fc2f-4dfc-a92a-4c3699bfd394	\N	\N
a17e79a4-59d7-44c5-8817-9fea8ca58714	ENTRY-1761225323806-S21LSN8FH	E000003	Por asignar	\N	\N	\N	0.00	2025-10-23 09:15:23.806-04	cash	\N	used	2025-10-24 09:25:40.036-04	0	\N	{"tipo": "entrada_general", "generadoPor": "admin", "generacionMasiva": true}	\N	\N	1	2025-10-23 09:15:23.811-04	2025-10-24 09:25:40.036-04	bf987fb7-fc2f-4dfc-a92a-4c3699bfd394	\N	\N
61180f75-0d88-4737-a6a4-b600401694b2	ENTRY-1761226965296-7ZFR2VKAF	E000034	Por asignar	\N	\N	\N	0.00	2025-10-23 09:42:45.264-04	cash	\N	active	\N	0	\N	{"tipo": "entrada_general", "generadoPor": "admin", "generacionMasiva": true}	\N	\N	1	2025-10-23 09:42:45.299-04	2025-10-23 09:42:45.299-04	bf987fb7-fc2f-4dfc-a92a-4c3699bfd394	\N	\N
a4ac4c19-d96d-4c4e-8d5b-c8c57d403bcc	ENTRY-1761226965327-AZ0HHMCTM	E000035	Por asignar	\N	\N	\N	0.00	2025-10-23 09:42:45.264-04	cash	\N	active	\N	0	\N	{"tipo": "entrada_general", "generadoPor": "admin", "generacionMasiva": true}	\N	\N	1	2025-10-23 09:42:45.33-04	2025-10-23 09:42:45.33-04	bf987fb7-fc2f-4dfc-a92a-4c3699bfd394	\N	\N
710ba194-0c97-47ec-9644-a3b58cf8646d	ENTRY-1761226965343-950HDCB5M	E000036	Por asignar	\N	\N	\N	0.00	2025-10-23 09:42:45.264-04	cash	\N	active	\N	0	\N	{"tipo": "entrada_general", "generadoPor": "admin", "generacionMasiva": true}	\N	\N	1	2025-10-23 09:42:45.346-04	2025-10-23 09:42:45.346-04	bf987fb7-fc2f-4dfc-a92a-4c3699bfd394	\N	\N
3709187d-f787-4f40-8a14-f8508fdf09ff	ENTRY-1761226965359-ICGHX4V8R	E000037	Por asignar	\N	\N	\N	0.00	2025-10-23 09:42:45.264-04	cash	\N	active	\N	0	\N	{"tipo": "entrada_general", "generadoPor": "admin", "generacionMasiva": true}	\N	\N	1	2025-10-23 09:42:45.361-04	2025-10-23 09:42:45.361-04	bf987fb7-fc2f-4dfc-a92a-4c3699bfd394	\N	\N
4962b9f0-d260-4076-967f-e63eaddd1017	ENTRY-1761225324175-L8N8D9K8Y	E000022	Por asignar	\N	\N	\N	0.00	2025-10-23 09:15:23.806-04	cash	\N	used	2025-10-23 10:26:04.045-04	0	\N	{"tipo": "entrada_general", "generadoPor": "admin", "generacionMasiva": true}	\N	\N	1	2025-10-23 09:15:24.177-04	2025-10-23 10:26:04.046-04	bf987fb7-fc2f-4dfc-a92a-4c3699bfd394	\N	\N
84d2c2dc-9230-4c80-a718-7df009be2e71	ENTRY-1761229412577-1XYTM5PTH	E000039	Por asignar	\N	\N	\N	0.00	2025-10-23 10:23:32.517-04	cash	\N	used	2025-10-23 10:47:58.101-04	0	\N	{"tipo": "entrada_general", "generadoPor": "admin", "generacionMasiva": true}	\N	\N	1	2025-10-23 10:23:32.579-04	2025-10-23 10:47:58.101-04	bf987fb7-fc2f-4dfc-a92a-4c3699bfd394	\N	\N
54b46df6-de5b-4ca2-a0ca-8c90ee186cea	ENTRY-1761229412517-X9TK4TFMK	E000038	Por asignar	\N	\N	\N	0.00	2025-10-23 10:23:32.517-04	cash	\N	used	2025-10-23 10:48:59.692-04	0	\N	{"tipo": "entrada_general", "generadoPor": "admin", "generacionMasiva": true}	\N	\N	1	2025-10-23 10:23:32.532-04	2025-10-23 10:48:59.692-04	bf987fb7-fc2f-4dfc-a92a-4c3699bfd394	\N	\N
fc5d1d15-2ac1-45c9-92c0-e57949da8b04	ENTRY-1761231851020-XTLJGB4OV	E000042	Por asignar	\N	\N	\N	0.00	2025-10-23 11:04:10.938-04	cash	\N	used	2025-10-23 11:05:45.69-04	0	\N	{"tipo": "entrada_general", "generadoPor": "admin", "generacionMasiva": true}	\N	\N	1	2025-10-23 11:04:11.024-04	2025-10-23 11:05:45.69-04	bf987fb7-fc2f-4dfc-a92a-4c3699bfd394	\N	\N
9c42b99e-2c67-4843-9ddd-7e259ba98b1d	ENTRY-1761231851004-DBOGPGQ3F	E000041	Por asignar	\N	\N	\N	0.00	2025-10-23 11:04:10.938-04	cash	\N	used	2025-10-23 11:06:16.972-04	0	\N	{"tipo": "entrada_general", "generadoPor": "admin", "generacionMasiva": true}	\N	\N	1	2025-10-23 11:04:11.007-04	2025-10-23 11:06:16.972-04	bf987fb7-fc2f-4dfc-a92a-4c3699bfd394	\N	\N
0c70fdd1-be07-4d02-8bc8-5536a0478105	ENTRY-1761231850938-WN0O5YD4F	E000040	Por asignar	\N	\N	\N	0.00	2025-10-23 11:04:10.938-04	cash	\N	used	2025-10-23 11:06:34.014-04	0	\N	{"tipo": "entrada_general", "generadoPor": "admin", "generacionMasiva": true}	\N	\N	1	2025-10-23 11:04:10.958-04	2025-10-23 11:06:34.014-04	bf987fb7-fc2f-4dfc-a92a-4c3699bfd394	\N	\N
373e5f89-5a32-4d1c-9332-411434bf8959	ENTRY-1761250981466-BLJEIX8BN	E000043	Por asignar	\N	\N	\N	0.00	2025-10-23 16:23:01.466-04	cash	\N	active	\N	0	\N	{"tipo": "entrada_general", "generadoPor": "admin", "generacionMasiva": true}	\N	\N	1	2025-10-23 16:23:01.481-04	2025-10-23 16:23:01.481-04	bf987fb7-fc2f-4dfc-a92a-4c3699bfd394	\N	\N
92ab0086-fd9f-43f0-b65f-0f957c34b5bc	ENTRY-1761250981525-X937A390Q	E000044	Por asignar	\N	\N	\N	0.00	2025-10-23 16:23:01.466-04	cash	\N	active	\N	0	\N	{"tipo": "entrada_general", "generadoPor": "admin", "generacionMasiva": true}	\N	\N	1	2025-10-23 16:23:01.527-04	2025-10-23 16:23:01.527-04	bf987fb7-fc2f-4dfc-a92a-4c3699bfd394	\N	\N
1f3f44f1-b845-4a78-b330-d27952c56c7e	ENTRY-1761250981555-ZYTO43HYY	E000046	Por asignar	\N	\N	\N	0.00	2025-10-23 16:23:01.466-04	cash	\N	active	\N	0	\N	{"tipo": "entrada_general", "generadoPor": "admin", "generacionMasiva": true}	\N	\N	1	2025-10-23 16:23:01.559-04	2025-10-23 16:23:01.559-04	bf987fb7-fc2f-4dfc-a92a-4c3699bfd394	\N	\N
1f474fb1-f552-4148-8aa0-658ea857e9a5	ENTRY-1761250981571-HQAZKPYVN	E000047	Por asignar	\N	\N	\N	0.00	2025-10-23 16:23:01.466-04	cash	\N	active	\N	0	\N	{"tipo": "entrada_general", "generadoPor": "admin", "generacionMasiva": true}	\N	\N	1	2025-10-23 16:23:01.573-04	2025-10-23 16:23:01.573-04	bf987fb7-fc2f-4dfc-a92a-4c3699bfd394	\N	\N
7216a820-01ca-43ec-b98d-205426b19c32	ENTRY-1761250981587-0Z6CBNDJB	E000048	Por asignar	\N	\N	\N	0.00	2025-10-23 16:23:01.466-04	cash	\N	active	\N	0	\N	{"tipo": "entrada_general", "generadoPor": "admin", "generacionMasiva": true}	\N	\N	1	2025-10-23 16:23:01.589-04	2025-10-23 16:23:01.589-04	bf987fb7-fc2f-4dfc-a92a-4c3699bfd394	\N	\N
f54452f3-bbf3-4749-92af-0abbeca463a7	ENTRY-1761250981602-IJP0ZGR2J	E000049	Por asignar	\N	\N	\N	0.00	2025-10-23 16:23:01.466-04	cash	\N	active	\N	0	\N	{"tipo": "entrada_general", "generadoPor": "admin", "generacionMasiva": true}	\N	\N	1	2025-10-23 16:23:01.605-04	2025-10-23 16:23:01.605-04	bf987fb7-fc2f-4dfc-a92a-4c3699bfd394	\N	\N
dee30dd7-fa2d-4e33-9511-58ea9e16eb5a	ENTRY-1761250981618-4Y9YX79UX	E000050	Por asignar	\N	\N	\N	0.00	2025-10-23 16:23:01.466-04	cash	\N	active	\N	0	\N	{"tipo": "entrada_general", "generadoPor": "admin", "generacionMasiva": true}	\N	\N	1	2025-10-23 16:23:01.621-04	2025-10-23 16:23:01.621-04	bf987fb7-fc2f-4dfc-a92a-4c3699bfd394	\N	\N
6f999838-b027-43f1-add5-1bc261a1d11b	ENTRY-1761250981633-TNI1HHMWQ	E000051	Por asignar	\N	\N	\N	0.00	2025-10-23 16:23:01.466-04	cash	\N	active	\N	0	\N	{"tipo": "entrada_general", "generadoPor": "admin", "generacionMasiva": true}	\N	\N	1	2025-10-23 16:23:01.635-04	2025-10-23 16:23:01.635-04	bf987fb7-fc2f-4dfc-a92a-4c3699bfd394	\N	\N
caaeeb68-750f-4ca6-b3d7-dae9a5e3e50d	ENTRY-1761250981648-9LS0KQ6S3	E000052	Por asignar	\N	\N	\N	0.00	2025-10-23 16:23:01.466-04	cash	\N	active	\N	0	\N	{"tipo": "entrada_general", "generadoPor": "admin", "generacionMasiva": true}	\N	\N	1	2025-10-23 16:23:01.651-04	2025-10-23 16:23:01.651-04	bf987fb7-fc2f-4dfc-a92a-4c3699bfd394	\N	\N
0ca4b571-c7c3-4470-b475-f2d0505349ce	ENTRY-1761250981664-CL9MBCPBN	E000053	Por asignar	\N	\N	\N	0.00	2025-10-23 16:23:01.466-04	cash	\N	active	\N	0	\N	{"tipo": "entrada_general", "generadoPor": "admin", "generacionMasiva": true}	\N	\N	1	2025-10-23 16:23:01.666-04	2025-10-23 16:23:01.666-04	bf987fb7-fc2f-4dfc-a92a-4c3699bfd394	\N	\N
e73f84b8-384c-4fad-ab8c-721f5b89e0ed	ENTRY-1761250981681-URG1QNLT3	E000054	Por asignar	\N	\N	\N	0.00	2025-10-23 16:23:01.466-04	cash	\N	active	\N	0	\N	{"tipo": "entrada_general", "generadoPor": "admin", "generacionMasiva": true}	\N	\N	1	2025-10-23 16:23:01.683-04	2025-10-23 16:23:01.683-04	bf987fb7-fc2f-4dfc-a92a-4c3699bfd394	\N	\N
6fa03354-50a4-4dc0-99f1-c83a2155f9a9	ENTRY-1761250981697-77Y5B7ZHW	E000055	Por asignar	\N	\N	\N	0.00	2025-10-23 16:23:01.466-04	cash	\N	active	\N	0	\N	{"tipo": "entrada_general", "generadoPor": "admin", "generacionMasiva": true}	\N	\N	1	2025-10-23 16:23:01.699-04	2025-10-23 16:23:01.699-04	bf987fb7-fc2f-4dfc-a92a-4c3699bfd394	\N	\N
7c14191d-6ec7-469c-8eee-f16d0ce676fe	ENTRY-1761250981713-9Q6O7L6PS	E000056	Por asignar	\N	\N	\N	0.00	2025-10-23 16:23:01.466-04	cash	\N	active	\N	0	\N	{"tipo": "entrada_general", "generadoPor": "admin", "generacionMasiva": true}	\N	\N	1	2025-10-23 16:23:01.715-04	2025-10-23 16:23:01.715-04	bf987fb7-fc2f-4dfc-a92a-4c3699bfd394	\N	\N
9ad0dce8-c553-4d34-aecd-8adfecf004d2	ENTRY-1761250981728-BFEHZMPM7	E000057	Por asignar	\N	\N	\N	0.00	2025-10-23 16:23:01.466-04	cash	\N	active	\N	0	\N	{"tipo": "entrada_general", "generadoPor": "admin", "generacionMasiva": true}	\N	\N	1	2025-10-23 16:23:01.73-04	2025-10-23 16:23:01.73-04	bf987fb7-fc2f-4dfc-a92a-4c3699bfd394	\N	\N
522a2272-a4d4-4b2a-8b52-85edf743dd47	ENTRY-1761250981744-F2NKB9RLN	E000058	Por asignar	\N	\N	\N	0.00	2025-10-23 16:23:01.466-04	cash	\N	active	\N	0	\N	{"tipo": "entrada_general", "generadoPor": "admin", "generacionMasiva": true}	\N	\N	1	2025-10-23 16:23:01.746-04	2025-10-23 16:23:01.746-04	bf987fb7-fc2f-4dfc-a92a-4c3699bfd394	\N	\N
a59ebb41-8e45-42b9-b0fa-788f9d33bd70	ENTRY-1761250981760-NHODO8SA1	E000059	Por asignar	\N	\N	\N	0.00	2025-10-23 16:23:01.466-04	cash	\N	active	\N	0	\N	{"tipo": "entrada_general", "generadoPor": "admin", "generacionMasiva": true}	\N	\N	1	2025-10-23 16:23:01.763-04	2025-10-23 16:23:01.763-04	bf987fb7-fc2f-4dfc-a92a-4c3699bfd394	\N	\N
81bc0dc1-1d04-4976-8d14-3eda2d0b73f4	ENTRY-1761250981775-20HJWQ4W1	E000060	Por asignar	\N	\N	\N	0.00	2025-10-23 16:23:01.466-04	cash	\N	active	\N	0	\N	{"tipo": "entrada_general", "generadoPor": "admin", "generacionMasiva": true}	\N	\N	1	2025-10-23 16:23:01.778-04	2025-10-23 16:23:01.778-04	bf987fb7-fc2f-4dfc-a92a-4c3699bfd394	\N	\N
2f07f5ea-fb63-4765-b501-7161d90d3fd0	ENTRY-1761250981791-45L3SNAKL	E000061	Por asignar	\N	\N	\N	0.00	2025-10-23 16:23:01.466-04	cash	\N	active	\N	0	\N	{"tipo": "entrada_general", "generadoPor": "admin", "generacionMasiva": true}	\N	\N	1	2025-10-23 16:23:01.794-04	2025-10-23 16:23:01.794-04	bf987fb7-fc2f-4dfc-a92a-4c3699bfd394	\N	\N
9b084c74-16bf-4dfe-9bf9-865d4f4da8ac	ENTRY-1761250981807-QT1BCU8VL	E000062	Por asignar	\N	\N	\N	0.00	2025-10-23 16:23:01.466-04	cash	\N	active	\N	0	\N	{"tipo": "entrada_general", "generadoPor": "admin", "generacionMasiva": true}	\N	\N	1	2025-10-23 16:23:01.809-04	2025-10-23 16:23:01.809-04	bf987fb7-fc2f-4dfc-a92a-4c3699bfd394	\N	\N
e1635ede-ef9d-40ca-881f-308148c1722c	ENTRY-1761250981822-MUXZISHOQ	E000063	Por asignar	\N	\N	\N	0.00	2025-10-23 16:23:01.466-04	cash	\N	active	\N	0	\N	{"tipo": "entrada_general", "generadoPor": "admin", "generacionMasiva": true}	\N	\N	1	2025-10-23 16:23:01.825-04	2025-10-23 16:23:01.825-04	bf987fb7-fc2f-4dfc-a92a-4c3699bfd394	\N	\N
a4d52bd9-59b5-4c4f-8731-2f1685311f02	ENTRY-1761250981837-KMVSSZGNI	E000064	Por asignar	\N	\N	\N	0.00	2025-10-23 16:23:01.466-04	cash	\N	active	\N	0	\N	{"tipo": "entrada_general", "generadoPor": "admin", "generacionMasiva": true}	\N	\N	1	2025-10-23 16:23:01.841-04	2025-10-23 16:23:01.841-04	bf987fb7-fc2f-4dfc-a92a-4c3699bfd394	\N	\N
04da57aa-04dc-40c9-bd7c-4833b1c16d7e	ENTRY-1761250981853-UJO4LN7EG	E000065	Por asignar	\N	\N	\N	0.00	2025-10-23 16:23:01.466-04	cash	\N	active	\N	0	\N	{"tipo": "entrada_general", "generadoPor": "admin", "generacionMasiva": true}	\N	\N	1	2025-10-23 16:23:01.856-04	2025-10-23 16:23:01.856-04	bf987fb7-fc2f-4dfc-a92a-4c3699bfd394	\N	\N
f083464f-7a34-49b2-8796-5a8037af7ef5	ENTRY-1761250981870-VXJC8QTF7	E000066	Por asignar	\N	\N	\N	0.00	2025-10-23 16:23:01.466-04	cash	\N	active	\N	0	\N	{"tipo": "entrada_general", "generadoPor": "admin", "generacionMasiva": true}	\N	\N	1	2025-10-23 16:23:01.872-04	2025-10-23 16:23:01.872-04	bf987fb7-fc2f-4dfc-a92a-4c3699bfd394	\N	\N
73e341b0-179c-4379-b81d-e4ed6b3a1f3c	ENTRY-1761250981885-OWY2LMIIN	E000067	Por asignar	\N	\N	\N	0.00	2025-10-23 16:23:01.466-04	cash	\N	active	\N	0	\N	{"tipo": "entrada_general", "generadoPor": "admin", "generacionMasiva": true}	\N	\N	1	2025-10-23 16:23:01.887-04	2025-10-23 16:23:01.887-04	bf987fb7-fc2f-4dfc-a92a-4c3699bfd394	\N	\N
a119aec4-ccba-46bc-8344-83db387ff596	ENTRY-1761250981900-2039G5MNQ	E000068	Por asignar	\N	\N	\N	0.00	2025-10-23 16:23:01.466-04	cash	\N	active	\N	0	\N	{"tipo": "entrada_general", "generadoPor": "admin", "generacionMasiva": true}	\N	\N	1	2025-10-23 16:23:01.902-04	2025-10-23 16:23:01.902-04	bf987fb7-fc2f-4dfc-a92a-4c3699bfd394	\N	\N
9df132f9-05f9-4418-aad8-598065f6c955	ENTRY-1761250981915-7JIXEL9KS	E000069	Por asignar	\N	\N	\N	0.00	2025-10-23 16:23:01.466-04	cash	\N	active	\N	0	\N	{"tipo": "entrada_general", "generadoPor": "admin", "generacionMasiva": true}	\N	\N	1	2025-10-23 16:23:01.918-04	2025-10-23 16:23:01.918-04	bf987fb7-fc2f-4dfc-a92a-4c3699bfd394	\N	\N
8caf16c6-b5a9-4dae-9182-a2248021a148	ENTRY-1761250981931-BR8UR2G8R	E000070	Por asignar	\N	\N	\N	0.00	2025-10-23 16:23:01.466-04	cash	\N	active	\N	0	\N	{"tipo": "entrada_general", "generadoPor": "admin", "generacionMasiva": true}	\N	\N	1	2025-10-23 16:23:01.933-04	2025-10-23 16:23:01.933-04	bf987fb7-fc2f-4dfc-a92a-4c3699bfd394	\N	\N
64833023-8dd2-4ed6-a8de-443c1fe19e61	ENTRY-1761250981947-YHHI13DVS	E000071	Por asignar	\N	\N	\N	0.00	2025-10-23 16:23:01.466-04	cash	\N	active	\N	0	\N	{"tipo": "entrada_general", "generadoPor": "admin", "generacionMasiva": true}	\N	\N	1	2025-10-23 16:23:01.949-04	2025-10-23 16:23:01.949-04	bf987fb7-fc2f-4dfc-a92a-4c3699bfd394	\N	\N
5083677f-8925-46f3-9040-f6116c600c16	ENTRY-1761250981962-MOEKKGCWP	E000072	Por asignar	\N	\N	\N	0.00	2025-10-23 16:23:01.466-04	cash	\N	active	\N	0	\N	{"tipo": "entrada_general", "generadoPor": "admin", "generacionMasiva": true}	\N	\N	1	2025-10-23 16:23:01.964-04	2025-10-23 16:23:01.964-04	bf987fb7-fc2f-4dfc-a92a-4c3699bfd394	\N	\N
f6a648b6-c2b2-408f-9c95-ef9305230358	ENTRY-1761250981978-T3LDF1ZYL	E000073	Por asignar	\N	\N	\N	0.00	2025-10-23 16:23:01.466-04	cash	\N	active	\N	0	\N	{"tipo": "entrada_general", "generadoPor": "admin", "generacionMasiva": true}	\N	\N	1	2025-10-23 16:23:01.98-04	2025-10-23 16:23:01.98-04	bf987fb7-fc2f-4dfc-a92a-4c3699bfd394	\N	\N
dbe18468-bfbd-4d97-8887-2e07d61f18c7	ENTRY-1761250981994-E0BI6RDRL	E000074	Por asignar	\N	\N	\N	0.00	2025-10-23 16:23:01.466-04	cash	\N	active	\N	0	\N	{"tipo": "entrada_general", "generadoPor": "admin", "generacionMasiva": true}	\N	\N	1	2025-10-23 16:23:01.996-04	2025-10-23 16:23:01.996-04	bf987fb7-fc2f-4dfc-a92a-4c3699bfd394	\N	\N
bb4a426c-9c2d-4522-9cd5-09113188fa6a	ENTRY-1761250982010-KM74534NA	E000075	Por asignar	\N	\N	\N	0.00	2025-10-23 16:23:01.466-04	cash	\N	active	\N	0	\N	{"tipo": "entrada_general", "generadoPor": "admin", "generacionMasiva": true}	\N	\N	1	2025-10-23 16:23:02.012-04	2025-10-23 16:23:02.012-04	bf987fb7-fc2f-4dfc-a92a-4c3699bfd394	\N	\N
edb3dac1-297d-4a61-a68b-906acb6a2701	ENTRY-1761250982025-84ATMCQZK	E000076	Por asignar	\N	\N	\N	0.00	2025-10-23 16:23:01.466-04	cash	\N	active	\N	0	\N	{"tipo": "entrada_general", "generadoPor": "admin", "generacionMasiva": true}	\N	\N	1	2025-10-23 16:23:02.028-04	2025-10-23 16:23:02.028-04	bf987fb7-fc2f-4dfc-a92a-4c3699bfd394	\N	\N
a65693f0-e389-4c16-a4d9-fd7d8b6d8b01	ENTRY-1761250982041-R2KCU105V	E000077	Por asignar	\N	\N	\N	0.00	2025-10-23 16:23:01.466-04	cash	\N	active	\N	0	\N	{"tipo": "entrada_general", "generadoPor": "admin", "generacionMasiva": true}	\N	\N	1	2025-10-23 16:23:02.043-04	2025-10-23 16:23:02.043-04	bf987fb7-fc2f-4dfc-a92a-4c3699bfd394	\N	\N
00895219-542d-4c8f-8a06-5e2b2e6a510f	ENTRY-1761250982056-C212KGNT4	E000078	Por asignar	\N	\N	\N	0.00	2025-10-23 16:23:01.466-04	cash	\N	active	\N	0	\N	{"tipo": "entrada_general", "generadoPor": "admin", "generacionMasiva": true}	\N	\N	1	2025-10-23 16:23:02.06-04	2025-10-23 16:23:02.06-04	bf987fb7-fc2f-4dfc-a92a-4c3699bfd394	\N	\N
c84a3854-5bd6-42fe-afd8-8c1fb13cf1f1	ENTRY-1761250982072-APLT7XYKI	E000079	Por asignar	\N	\N	\N	0.00	2025-10-23 16:23:01.466-04	cash	\N	active	\N	0	\N	{"tipo": "entrada_general", "generadoPor": "admin", "generacionMasiva": true}	\N	\N	1	2025-10-23 16:23:02.074-04	2025-10-23 16:23:02.074-04	bf987fb7-fc2f-4dfc-a92a-4c3699bfd394	\N	\N
3be686bf-4304-4532-944f-24d36e91dd44	ENTRY-1761250982087-GUO0GV9ML	E000080	Por asignar	\N	\N	\N	0.00	2025-10-23 16:23:01.466-04	cash	\N	active	\N	0	\N	{"tipo": "entrada_general", "generadoPor": "admin", "generacionMasiva": true}	\N	\N	1	2025-10-23 16:23:02.089-04	2025-10-23 16:23:02.089-04	bf987fb7-fc2f-4dfc-a92a-4c3699bfd394	\N	\N
adc2b246-30ee-4a12-a8cc-e2ccea7a8556	ENTRY-1761250982102-UZ6YAGGQQ	E000081	Por asignar	\N	\N	\N	0.00	2025-10-23 16:23:01.466-04	cash	\N	active	\N	0	\N	{"tipo": "entrada_general", "generadoPor": "admin", "generacionMasiva": true}	\N	\N	1	2025-10-23 16:23:02.105-04	2025-10-23 16:23:02.105-04	bf987fb7-fc2f-4dfc-a92a-4c3699bfd394	\N	\N
c7d6f2ed-133d-4970-b52e-85e0b8dc1cba	ENTRY-1761250982118-VGSQC0XSZ	E000082	Por asignar	\N	\N	\N	0.00	2025-10-23 16:23:01.466-04	cash	\N	active	\N	0	\N	{"tipo": "entrada_general", "generadoPor": "admin", "generacionMasiva": true}	\N	\N	1	2025-10-23 16:23:02.12-04	2025-10-23 16:23:02.12-04	bf987fb7-fc2f-4dfc-a92a-4c3699bfd394	\N	\N
00663cc4-f0f4-4cb8-9a3e-aa605d353ab0	ENTRY-1761250982134-ZW1Q0QIO2	E000083	Por asignar	\N	\N	\N	0.00	2025-10-23 16:23:01.466-04	cash	\N	active	\N	0	\N	{"tipo": "entrada_general", "generadoPor": "admin", "generacionMasiva": true}	\N	\N	1	2025-10-23 16:23:02.136-04	2025-10-23 16:23:02.136-04	bf987fb7-fc2f-4dfc-a92a-4c3699bfd394	\N	\N
fbd2d7c3-dbec-42a3-a526-3155d2427a57	ENTRY-1761250982150-7AXN5J9BH	E000084	Por asignar	\N	\N	\N	0.00	2025-10-23 16:23:01.466-04	cash	\N	active	\N	0	\N	{"tipo": "entrada_general", "generadoPor": "admin", "generacionMasiva": true}	\N	\N	1	2025-10-23 16:23:02.152-04	2025-10-23 16:23:02.152-04	bf987fb7-fc2f-4dfc-a92a-4c3699bfd394	\N	\N
4fd7b906-eb97-4828-ab66-dfc156f89ed4	ENTRY-1761250982165-1S7S7T7ID	E000085	Por asignar	\N	\N	\N	0.00	2025-10-23 16:23:01.466-04	cash	\N	active	\N	0	\N	{"tipo": "entrada_general", "generadoPor": "admin", "generacionMasiva": true}	\N	\N	1	2025-10-23 16:23:02.168-04	2025-10-23 16:23:02.168-04	bf987fb7-fc2f-4dfc-a92a-4c3699bfd394	\N	\N
bc1b0d54-1264-47ff-9148-884c48202801	ENTRY-1761250982181-NNLHIRZ7A	E000086	Por asignar	\N	\N	\N	0.00	2025-10-23 16:23:01.466-04	cash	\N	active	\N	0	\N	{"tipo": "entrada_general", "generadoPor": "admin", "generacionMasiva": true}	\N	\N	1	2025-10-23 16:23:02.183-04	2025-10-23 16:23:02.183-04	bf987fb7-fc2f-4dfc-a92a-4c3699bfd394	\N	\N
1b24e1d1-e51e-4682-a006-5f7255a03292	ENTRY-1761250982197-8Z16B2BPL	E000087	Por asignar	\N	\N	\N	0.00	2025-10-23 16:23:01.466-04	cash	\N	active	\N	0	\N	{"tipo": "entrada_general", "generadoPor": "admin", "generacionMasiva": true}	\N	\N	1	2025-10-23 16:23:02.199-04	2025-10-23 16:23:02.199-04	bf987fb7-fc2f-4dfc-a92a-4c3699bfd394	\N	\N
c49fb98f-1007-48fa-94fb-59b644fc6bfa	ENTRY-1761250982212-6O5ES17PA	E000088	Por asignar	\N	\N	\N	0.00	2025-10-23 16:23:01.466-04	cash	\N	active	\N	0	\N	{"tipo": "entrada_general", "generadoPor": "admin", "generacionMasiva": true}	\N	\N	1	2025-10-23 16:23:02.214-04	2025-10-23 16:23:02.214-04	bf987fb7-fc2f-4dfc-a92a-4c3699bfd394	\N	\N
99d2d0c8-dd71-4b66-89ae-5f97c15a6c94	ENTRY-1761250982228-HX2Z0TMUJ	E000089	Por asignar	\N	\N	\N	0.00	2025-10-23 16:23:01.466-04	cash	\N	active	\N	0	\N	{"tipo": "entrada_general", "generadoPor": "admin", "generacionMasiva": true}	\N	\N	1	2025-10-23 16:23:02.23-04	2025-10-23 16:23:02.23-04	bf987fb7-fc2f-4dfc-a92a-4c3699bfd394	\N	\N
c4fe3900-a563-4a41-a2ce-c09139305ac3	ENTRY-1761250982242-8Z0U254YO	E000090	Por asignar	\N	\N	\N	0.00	2025-10-23 16:23:01.466-04	cash	\N	active	\N	0	\N	{"tipo": "entrada_general", "generadoPor": "admin", "generacionMasiva": true}	\N	\N	1	2025-10-23 16:23:02.245-04	2025-10-23 16:23:02.245-04	bf987fb7-fc2f-4dfc-a92a-4c3699bfd394	\N	\N
ac1fcb8d-ccbb-493b-b212-5d0c3a6ef96a	ENTRY-1761250982258-RW9YHGGBQ	E000091	Por asignar	\N	\N	\N	0.00	2025-10-23 16:23:01.466-04	cash	\N	active	\N	0	\N	{"tipo": "entrada_general", "generadoPor": "admin", "generacionMasiva": true}	\N	\N	1	2025-10-23 16:23:02.26-04	2025-10-23 16:23:02.26-04	bf987fb7-fc2f-4dfc-a92a-4c3699bfd394	\N	\N
a2115f6a-a86d-47b2-9c82-2b8ff7f0d773	ENTRY-1761250982274-FWK212MZD	E000092	Por asignar	\N	\N	\N	0.00	2025-10-23 16:23:01.466-04	cash	\N	active	\N	0	\N	{"tipo": "entrada_general", "generadoPor": "admin", "generacionMasiva": true}	\N	\N	1	2025-10-23 16:23:02.276-04	2025-10-23 16:23:02.276-04	bf987fb7-fc2f-4dfc-a92a-4c3699bfd394	\N	\N
93df50b3-11b9-4e8a-b71a-17c2ed210403	ENTRY-1761250981541-867AJPHON	E000045	Por asignar	\N	\N	\N	0.00	2025-10-23 16:23:01.466-04	cash	\N	used	2025-10-23 16:25:17.556-04	0	\N	{"tipo": "entrada_general", "generadoPor": "admin", "generacionMasiva": true}	\N	\N	1	2025-10-23 16:23:01.543-04	2025-10-23 16:25:17.557-04	bf987fb7-fc2f-4dfc-a92a-4c3699bfd394	\N	\N
530be141-624a-4c9c-8ecb-36586bed78f4	ENTRY-1761225323989-OUDP9JY5Y	E000010	Por asignar	\N	\N	\N	0.00	2025-10-23 09:15:23.806-04	cash	\N	used	2025-10-23 17:51:22.087-04	0	\N	{"tipo": "entrada_general", "generadoPor": "admin", "generacionMasiva": true}	\N	\N	1	2025-10-23 09:15:23.992-04	2025-10-23 17:51:22.087-04	bf987fb7-fc2f-4dfc-a92a-4c3699bfd394	\N	\N
\.


--
-- TOC entry 5055 (class 0 OID 60845)
-- Dependencies: 223
-- Data for Name: trabajadores; Type: TABLE DATA; Schema: public; Owner: postgres
--

COPY public.trabajadores (id, nombre, apellido, ci, telefono, correo, zona, "fechaNacimiento", "areaTrabajo", sexo, ocupacion, "nombreReferencia", parentesco, "celularReferencia", token, estado, "urlFoto", "ultimoAcceso", "createdAt", "updatedAt") FROM stdin;
163d1921-0402-4f11-b823-56138747852e	RAMIRO	VILLA	74511254	74512547	mchd.2@gmail.com	SAN PEDRO	1993-02-01	VENTAS	M	PADRE	FRNSISCO DE LA VEGA	MADRE	7451215	e4837a4a-ba8c-4306-ad7f-d7ae0d956865	activo	\N	2025-10-24 11:41:50.628-04	2025-10-22 10:21:16.794-04	2025-10-24 11:41:50.628-04
\.


--
-- TOC entry 5050 (class 0 OID 60657)
-- Dependencies: 218
-- Data for Name: users; Type: TABLE DATA; Schema: public; Owner: postgres
--

COPY public.users (id, username, email, password, first_name, last_name, phone, role, is_active, last_login, preferences, "createdAt", "updatedAt") FROM stdin;
e7cd7607-70db-4b68-a23b-b6e67ff74023	walter	walter@gmail.com	$2a$12$M/DYSyke2OEN0PJj.B7EuOB.XIAJimb4hVeSbR12uqbLull586XYC	walter	avendaño	\N	control	t	2025-10-24 09:08:08.098-04	{}	2025-10-24 09:07:50.862-04	2025-10-24 09:08:08.098-04
536a45ae-0e5e-4a37-a64a-f60d52e964e8	mchd.2262	mchd.2262@gmail.com	$2a$12$andAB8c0aDFlg9UJUkYoC.Sz3jPNBx1zCv/eYa.B8FFuKRN6Rc4rK	maurcio	huanacio	\N	admin	t	2025-10-24 20:20:41.395-04	{}	2025-10-24 09:03:38.818-04	2025-10-24 20:20:41.395-04
a42f0634-b3a8-4967-9f77-d765885334b2	vendedor1	vendedor@sisqr6.com	$2a$12$9I3Q/y0QCahmRqc5.ynqmO7IWFzX0ViZ3Z.I2dg0H.qfDOqosMbAy	Juan	Vendedor	\N	vendedor	t	2025-10-23 08:58:05.335-04	{}	2025-10-21 16:04:59.965-04	2025-10-23 08:58:05.335-04
c8f2fb92-e3a3-47a5-b67e-1fdaac9c68c3	control1	control@sisqr6.com	$2a$12$PKWhE7l9cv1kdBeH03WRYu1kqhoHHfXw.LeN2hs27VFXSpzQTIgz6	María	Control	\N	control	t	2025-10-24 09:18:55.242-04	{}	2025-10-21 16:05:00.67-04	2025-10-24 09:18:55.243-04
bf987fb7-fc2f-4dfc-a92a-4c3699bfd394	admin	admin@sisqr6.com	$2a$12$g0FdiYbkSLqU9E/XkhZadedNMiFiwPf95nsan4qWPFZmTjLygTSkq	Administrador	Sistema	+1234567890	admin	t	2025-10-24 10:08:53.928-04	{}	2025-10-21 16:04:58.924-04	2025-10-24 10:08:53.928-04
11b89ccc-b42e-4c8a-91b7-a60a60e8fdc7	samuel	samuel@gmail.com	$2a$12$FnlVocLY029mwy5h0Dr3g.T7W3wJd/Xe8tqkjcXPB/4QHFU4fwVT6	samuel	roman	\N	admin	t	2025-10-24 11:36:58.005-04	{}	2025-10-24 09:09:30.898-04	2025-10-24 11:38:10.284-04
\.


--
-- TOC entry 5049 (class 0 OID 29153)
-- Dependencies: 217
-- Data for Name: validation_logs; Type: TABLE DATA; Schema: public; Owner: postgres
--

COPY public.validation_logs (id, result, attempted_at, ip_address, user_agent, error_message, metadata, "ticketId", "userId", "eventId") FROM stdin;
\.


-- Completed on 2025-10-24 23:42:32

--
-- PostgreSQL database dump complete
--

